"original_id","symbol","mapped"
"653635","WASH7P",TRUE
"102466751","MIR6859-1",TRUE
"100996442","WASH9P",TRUE
"729737","LOC729737",TRUE
"102723897","LOC102723897",TRUE
"102465909","MIR6859-2",TRUE
"100132287","LOC100132287",TRUE
"113219467","MIR12136",TRUE
"100133331",NA,FALSE
"107984841",NA,FALSE
"107984847",NA,FALSE
"107984849",NA,FALSE
"100288069","LOC100288069",TRUE
"105378580","LINC01409",TRUE
"400728","FAM87B",TRUE
"79854","LINC00115",TRUE
"643837","LINC01128",TRUE
"284600","LOC284600",TRUE
"148398","SAMD11",TRUE
"26155","NOC2L",TRUE
"339451","KLHL17",TRUE
"57801","HES4",TRUE
"9636","ISG15",TRUE
"375790","AGRN",TRUE
"54991","C1orf159",TRUE
"51150","SDF4",TRUE
"126792","B3GALT6",TRUE
"118424","UBE2J2",TRUE
"101928895","LINC01786",TRUE
"6339","SCNN1D",TRUE
"116983","ACAP3",TRUE
"109623456","SNORD167",TRUE
"126789","PUSL1",TRUE
"54973","INTS11",TRUE
"80772","CPTP",TRUE
"83756","TAS1R3",TRUE
"1855","DVL1",TRUE
"54587","MXRA8",TRUE
"54998","AURKAIP1",TRUE
"81669","CCNL2",TRUE
"148413","MRPL20-AS1",TRUE
"55052","MRPL20",TRUE
"107984868",NA,FALSE
"441869","ANKRD65",TRUE
"105378585","ANKRD65-AS1",TRUE
"102724312","LINC01770",TRUE
"64856","VWA1",TRUE
"219293","ATAD3C",TRUE
"83858","ATAD3B",TRUE
"55210","ATAD3A",TRUE
"29101","SSU72",TRUE
"643988","FNDC10",TRUE
"142678","MIB2",TRUE
"8510","MMP23B",TRUE
"984","CDK11B",TRUE
"728661","SLC35E2B",TRUE
"728642","CDK11A",TRUE
"9906","SLC35E2A",TRUE
"112268218","LOC112268218",TRUE
"65220","NADK",TRUE
"2782","GNB1",TRUE
"163688","CALML6",TRUE
"5590","PRKCZ",TRUE
"100506504","PRKCZ-AS1",TRUE
"199990","FAAP20",TRUE
"112268219","LOC112268219",TRUE
"6497","SKI",TRUE
"79906","MORN1",TRUE
"100129534","LOC100129534",TRUE
"11079","RER1",TRUE
"5192","PEX10",TRUE
"55229","PANK4",TRUE
"8764","TNFRSF14",TRUE
"127281","PRXL2B",TRUE
"79258","MMEL1",TRUE
"100287898","TTC34",TRUE
"127262","TPRG1L",TRUE
"49856","WRAP73",TRUE
"7161","TP73",TRUE
"105378610","TP73-AS3",TRUE
"57212","GFOD3P",TRUE
"57470","LRRC47",TRUE
"9731","CEP104",TRUE
"1677","DFFB",TRUE
"339448","C1orf174",TRUE
"261734","NPHP4",TRUE
"8514","KCNAB2",TRUE
"6146","RPL22",TRUE
"107985733",NA,FALSE
"388591","RNF207",TRUE
"23463","ICMT",TRUE
"148645","ICMT-DT",TRUE
"387509","GPR153",TRUE
"11332","ACOT7",TRUE
"83715","ESPN",TRUE
"8718","TNFRSF25",TRUE
"57449","PLEKHG5",TRUE
"79707","NOL9",TRUE
"80835","TAS1R1",TRUE
"107984912","LOC107984912",TRUE
"3104","ZBTB48",TRUE
"9903","KLHL21",TRUE
"107984913","LOC107984913",TRUE
"148479","PHF13",TRUE
"90326","THAP3",TRUE
"55735","DNAJC11",TRUE
"110841581","CAMTA1-DT",TRUE
"23261","CAMTA1",TRUE
"105376689","LOC105376689",TRUE
"9341","VAMP3",TRUE
"8863","PER3",TRUE
"11315","PARK7",TRUE
"54206","ERRFI1",TRUE
"50651","SLC45A1",TRUE
"473","RERE",TRUE
"2023","ENO1",TRUE
"100505975","ENO1-AS1",TRUE
"80045","GPR157",TRUE
"106614088","MIR34AHG",TRUE
"102724571","LNCTAM34A",TRUE
"9563","H6PD",TRUE
"80176","SPSB1",TRUE
"100506022","LINC02606",TRUE
"84275","SLC25A33",TRUE
"199953","TMEM201",TRUE
"107985734",NA,FALSE
"5293","PIK3CD",TRUE
"22883","CLSTN1",TRUE
"56998","CTNNBIP1",TRUE
"105376717","LOC105376717",TRUE
"84328","LZIC",TRUE
"64802","NMNAT1",TRUE
"10277","UBE4B",TRUE
"23095","KIF1B",TRUE
"105376725",NA,FALSE
"5226","PGD",TRUE
"100526739","CENPS-CORT",TRUE
"378708","CENPS",TRUE
"1325","CORT",TRUE
"1676","DFFA",TRUE
"5195","PEX14",TRUE
"54897","CASZ1",TRUE
"23435","TARDBP",TRUE
"10747","MASP2",TRUE
"6723","SRM",TRUE
"5394","EXOSC10",TRUE
"105376736","EXOSC10-AS1",TRUE
"2475","MTOR",TRUE
"100873935","MTOR-AS1",TRUE
"29914","UBIAD1",TRUE
"105376739","LOC105376739",TRUE
"57540","DISP3",TRUE
"112268221",NA,FALSE
"93611","FBXO44",TRUE
"26270","FBXO6",TRUE
"10459","MAD2L2",TRUE
"374946","DRAXIN",TRUE
"57085","AGTRAP",TRUE
"284498","C1orf167",TRUE
"4524","MTHFR",TRUE
"1185","CLCN6",TRUE
"100379251","NPPA-AS1",TRUE
"4878","NPPA",TRUE
"90231","KIAA2013",TRUE
"5351","PLOD1",TRUE
"9927","MFN2",TRUE
"60672","MIIP",TRUE
"7133","TNFRSF1B",TRUE
"55187","VPS13D",TRUE
"677885","SNORA59A",TRUE
"7799","PRDM2",TRUE
"23254","KAZN",TRUE
"200197","TMEM51-AS1",TRUE
"55092","TMEM51",TRUE
"114827","FHAD1",TRUE
"101927417","FHAD1-AS1",TRUE
"101927441","EFHD2-AS1",TRUE
"79180","EFHD2",TRUE
"51032","CELA2B",TRUE
"842","CASP9",TRUE
"23341","DNAJC16",TRUE
"79814","AGMAT",TRUE
"84301","DDI2",TRUE
"6248","RSC1A1",TRUE
"23207","PLEKHM2",TRUE
"284723","SLC25A34",TRUE
"54751","FBLIM1",TRUE
"440567","UQCRHL",TRUE
"729614","SPEN-AS1",TRUE
"23013","SPEN",TRUE
"7709","ZBTB17",TRUE
"348487","FAM131C",TRUE
"1969","EPHA2",TRUE
"101927479","EPHA2-AS1",TRUE
"128272","ARHGEF19",TRUE
"79363","CPLANE2",TRUE
"54455","FBXO42",TRUE
"26099","SZRD1",TRUE
"374955","SPATA21",TRUE
"55707","NECAP2",TRUE
"107984921","LINC01772",TRUE
"114819","CROCCP3",TRUE
"55672","NBPF1",TRUE
"105376794",NA,FALSE
"84809","CROCCP2",TRUE
"11209","MST1P2",TRUE
"107985736","LOC107985736",TRUE
"11223","MST1L",TRUE
"105376805","LOC105376805",TRUE
"9696","CROCC",TRUE
"23400","ATP13A2",TRUE
"6390","SDHB",TRUE
"11240","PADI2",TRUE
"400743","LINC02783",TRUE
"29943","PADI1",TRUE
"51702","PADI3",TRUE
"23569","PADI4",TRUE
"55920","RCC2",TRUE
"55160","ARHGEF10L",TRUE
"81569","ACTL8",TRUE
"84966","IGSF21",TRUE
"8659","ALDH4A1",TRUE
"126917","IFFO2",TRUE
"23352","UBR4",TRUE
"101927895","EMC1-AS1",TRUE
"23065","EMC1",TRUE
"51154","MRTO4",TRUE
"246181","AKR7L",TRUE
"22977","AKR7A3",TRUE
"100506730","LOC100506730",TRUE
"8574","AKR7A2",TRUE
"54896","SLC66A1",TRUE
"832","CAPZB",TRUE
"440574","MICOS10",TRUE
"100532736","MICOS10-NBL1",TRUE
"644068","RPS14P3",TRUE
"4681","NBL1",TRUE
"255104","TMCO4",TRUE
"105376823","LOC105376823",TRUE
"23252","OTUD3",TRUE
"5322","PLA2G5",TRUE
"101928017",NA,FALSE
"55450","CAMK2N1",TRUE
"79594","MUL1",TRUE
"163933","FAM43B",TRUE
"65018","PINK1",TRUE
"100861548","PINK1-AS",TRUE
"1650","DDOST",TRUE
"400745","SH2D5",TRUE
"112268222",NA,FALSE
"50809","HP1BP3",TRUE
"8672","EIF4G3",TRUE
"105376830","LOC105376830",TRUE
"105376829","LOC105376829",TRUE
"1889","ECE1",TRUE
"84224","NBPF3",TRUE
"249","ALPL",TRUE
"5909","RAP1GAP",TRUE
"84196","USP48",TRUE
"401944","LDLRAD2",TRUE
"3339","HSPG2",TRUE
"101928043","LINC01635",TRUE
"29092","LINC00339",TRUE
"112268223","CDC42-AS1",TRUE
"998","CDC42",TRUE
"9923","ZBTB40",TRUE
"2048","EPHB2",TRUE
"100422914","MIR4253",TRUE
"23028","KDM1A",TRUE
"7798","LUZP1",TRUE
"3352","HTR1D",TRUE
"100996511","LINC01355",TRUE
"10236","HNRNPR",TRUE
"80818","ZNF436",TRUE
"148898","ZNF436-AS1",TRUE
"6920","TCEA3",TRUE
"55616","ASAP3",TRUE
"1870","E2F2",TRUE
"101928163","LOC101928163",TRUE
"105376859","LOC105376859",TRUE
"3399","ID3",TRUE
"6135","RPL11",TRUE
"6924","ELOA",TRUE
"100506963","ELOA-AS1",TRUE
"57095","PITHD1",TRUE
"105376860","LOC105376860",TRUE
"11313","LYPLA2",TRUE
"2582","GALE",TRUE
"3155","HMGCL",TRUE
"2517","FUCA1",TRUE
"55629","PNRC2",TRUE
"10772","SRSF10",TRUE
"90529","STPG1",TRUE
"57185","NIPAL3",TRUE
"11123","RCAN3",TRUE
"100506985","NCMAP-DT",TRUE
"10250","SRRM1",TRUE
"25932","CLIC4",TRUE
"864","RUNX3",TRUE
"25949","SYF2",TRUE
"57035","RSRP1",TRUE
"6007","RHD",TRUE
"23585","TMEM50A",TRUE
"6006","RHCE",TRUE
"55219","MACO1",TRUE
"26119","LDLRAP1",TRUE
"57134","MAN1C1",TRUE
"57190","SELENON",TRUE
"56181","MTFR1L",TRUE
"646471","LOC646471",TRUE
"79000","AUNIP",TRUE
"164091","PAQR7",TRUE
"3925","STMN1",TRUE
"100500808","MIR3917",TRUE
"5051","PAFAH2",TRUE
"101928216",NA,FALSE
"2134","EXTL1",TRUE
"149420","PDIK1L",TRUE
"79927","FAM110D",TRUE
"51042","ZNF593",TRUE
"10256","CNKSR1",TRUE
"64793","CEP85",TRUE
"83442","SH3BGRL3",TRUE
"91544","UBXN11",TRUE
"79947","DHDDS",TRUE
"101928324","DHDDS-AS1",TRUE
"3151","HMGN2",TRUE
"6195","RPS6KA1",TRUE
"101928728","LOC101928728",TRUE
"8289","ARID1A",TRUE
"55650","PIGV",TRUE
"84243","ZDHHC18",TRUE
"54707","GPN2",TRUE
"63906","GPATCH3",TRUE
"10726","NUDC",TRUE
"388610","TRNP1",TRUE
"115572","TENT5B",TRUE
"101928391","LOC101928391",TRUE
"6548","SLC9A1",TRUE
"23038","WDTC1",TRUE
"84065","TMEM222",TRUE
"644961","ACTG1P20",TRUE
"84958","SYTL1",TRUE
"9064","MAP3K6",TRUE
"2827","GPR3",TRUE
"10163","WASF2",TRUE
"105376892","LOC105376892",TRUE
"27245","AHDC1",TRUE
"2537","IFI6",TRUE
"199870","FAM76A",TRUE
"23673","STX12",TRUE
"5511","PPP1R8",TRUE
"677774","SCARNA1",TRUE
"9473","THEMIS2",TRUE
"6118","RPA2",TRUE
"55113","XKR8",TRUE
"2140","EYA3",TRUE
"5724","PTAFR",TRUE
"22826","DNAJC8",TRUE
"93974","ATP5IF1",TRUE
"83667","SESN2",TRUE
"54797","MED18",TRUE
"65979","PHACTR4",TRUE
"1104","RCC1",TRUE
"8420","SNHG3",TRUE
"6080","SNORA73A",TRUE
"26768","SNORA73B",TRUE
"54952","TRNAU1AP",TRUE
"85028","SNHG12",TRUE
"692212","SNORD99",TRUE
"677838","SNORA61",TRUE
"677825","SNORA44",TRUE
"692073","SNORA16A",TRUE
"6883","TAF12",TRUE
"105378616","TAF12-DT",TRUE
"10691","GMEB1",TRUE
"51441","YTHDF2",TRUE
"4985","OPRD1",TRUE
"2035","EPB41",TRUE
"399474","TMEM200B",TRUE
"6429","SRSF4",TRUE
"51102","MECR",TRUE
"10076","PTPRU",TRUE
"4146","MATN1",TRUE
"100129196","MATN1-AS1",TRUE
"7805","LAPTM5",TRUE
"105378622","LINC01778",TRUE
"9672","SDC3",TRUE
"9698","PUM1",TRUE
"692234","SNORD103A",TRUE
"692235","SNORD103B",TRUE
"79570","NKAIN1",TRUE
"9410","SNRNP40",TRUE
"51538","ZCCHC17",TRUE
"2170","FABP3",TRUE
"347735","SERINC2",TRUE
"3061","HCRTR1",TRUE
"553115","PEF1",TRUE
"107985471","PEF1-AS1",TRUE
"1307","COL16A1",TRUE
"576","ADGRB2",TRUE
"90853","SPOCD1",TRUE
"8073","PTP4A2",TRUE
"10657","KHDRBS1",TRUE
"55116","TMEM39B",TRUE
"23633","KPNA6",TRUE
"200081","TXLNA",TRUE
"79140","CCDC28B",TRUE
"56063","TMEM234",TRUE
"55721","IQCC",TRUE
"149069","DCDC2B",TRUE
"8668","EIF3I",TRUE
"339483","MTMR9LP",TRUE
"3065","HDAC1",TRUE
"65108","MARCKSL1",TRUE
"105378629","LOC105378629",TRUE
"81629","TSSK3",TRUE
"55108","BSDC1",TRUE
"728116","ZBTB8B",TRUE
"653121","ZBTB8A",TRUE
"339487","ZBTB8OS",TRUE
"5928","RBBP4",TRUE
"81493","SYNC",TRUE
"57648","NHSL3",TRUE
"8565","YARS1",TRUE
"64766","S100PBP",TRUE
"252995","FNDC5",TRUE
"3208","HPCA",TRUE
"113452","TMEM54",TRUE
"127544","RNF19B",TRUE
"204","AK2",TRUE
"113451","AZIN2",TRUE
"112268224",NA,FALSE
"55223","TRIM62",TRUE
"149076","ZNF362",TRUE
"127550","A3GALT2",TRUE
"1912","PHC2",TRUE
"100500853","MIR3605",TRUE
"7579","ZSCAN20",TRUE
"113444","SMIM12",TRUE
"58512","DLGAP3",TRUE
"653160","GPR199P",TRUE
"100506144","TMEM35B",TRUE
"9204","ZMYM6",TRUE
"79830","ZMYM1",TRUE
"6421","SFPQ",TRUE
"9202","ZMYM4",TRUE
"100861513","ZMYM4-AS1",TRUE
"79932","KIAA0319L",TRUE
"23154","NCDN",TRUE
"339488","TFAP2E",TRUE
"105378645","TFAP2E-AS1",TRUE
"5690","PSMB2",TRUE
"127703","C1orf216",TRUE
"63967","CLSPN",TRUE
"192670","AGO4",TRUE
"26523","AGO1",TRUE
"192669","AGO3",TRUE
"27285","TEKT2",TRUE
"54936","ADPRS",TRUE
"1296","COL8A2",TRUE
"27095","TRAPPC3",TRUE
"55700","MAP7D1",TRUE
"9967","THRAP3",TRUE
"79729","SH3D21",TRUE
"55194","EVA1B",TRUE
"83931","STK40",TRUE
"84967","LSM10",TRUE
"127700","OSCP1",TRUE
"64960","MRPS15",TRUE
"2899","GRIK3",TRUE
"80149","ZC3H12A",TRUE
"64769","MEAF6",TRUE
"100847010","MIR5581",TRUE
"105378649","LOC105378649",TRUE
"79753","SNIP1",TRUE
"7802","DNALI1",TRUE
"29889","GNL2",TRUE
"54955","AIRIM",TRUE
"55143","CDCA8",TRUE
"149175","MANEAL",TRUE
"79693","YRDC",TRUE
"127687","C1orf122",TRUE
"4520","MTF1",TRUE
"3633","INPP5B",TRUE
"105378651","LOC105378651",TRUE
"10946","SF3A3",TRUE
"2275","FHL3",TRUE
"51118","UTP11",TRUE
"64121","RRAGC",TRUE
"100527950","GJA9-MYCBP",TRUE
"26292","MYCBP",TRUE
"81025","GJA9",TRUE
"54933","RHBDL2",TRUE
"105378662","LOC105378662",TRUE
"79647","AKIRIN1",TRUE
"4725","NDUFS5",TRUE
"23499","MACF1",TRUE
"643314",NA,FALSE
"353500","BMP8A",TRUE
"728448","PPIEL",TRUE
"8761","PABPC4",TRUE
"101929516","PABPC4-AS1",TRUE
"677834","SNORA55",TRUE
"26508","HEYL",TRUE
"51440","HPCAL4",TRUE
"10450","PPIE",TRUE
"656","BMP8B",TRUE
"54802","TRIT1",TRUE
"4610","MYCL",TRUE
"105378668","MYCL-AS1",TRUE
"84879","MFSD2A",TRUE
"10487","CAP1",TRUE
"5538","PPT1",TRUE
"6018","RLF",TRUE
"10269","ZMPSTE24",TRUE
"1298","COL9A2",TRUE
"64744","SMAP2",TRUE
"65243","ZFP69B",TRUE
"64789","EXO5",TRUE
"127396","ZNF684",TRUE
"9783","RIMS3",TRUE
"100130557","NFYC-AS1",TRUE
"4802","NFYC",TRUE
"9132","KCNQ4",TRUE
"163732","CITED4",TRUE
"1503","CTPS1",TRUE
"100507178","SLFNL1-AS1",TRUE
"200172","SLFNL1",TRUE
"22955","SCMH1",TRUE
"100132074","FOXO6",TRUE
"101929901","FOXO6-AS1",TRUE
"105378678","LOC105378678",TRUE
"59269","HIVEP3",TRUE
"22887","FOXJ3",TRUE
"284716","RIMKLA",TRUE
"728621","CCDC30",TRUE
"79717","PPCS",TRUE
"10465","PPIH",TRUE
"4904","YBX1",TRUE
"64175","P3H1",TRUE
"79078","C1orf50",TRUE
"105378683","TMEM269-DT",TRUE
"100129924","TMEM269",TRUE
"374969","SVBP",TRUE
"114625","ERMAP",TRUE
"51058","ZNF691",TRUE
"339539","LOC339539",TRUE
"6513","SLC2A1",TRUE
"440584","SLC2A1-DT",TRUE
"440585","CFAP144",TRUE
"10969","EBNA1BP2",TRUE
"149465","CFAP57",TRUE
"991","CDC20",TRUE
"64834","ELOVL1",TRUE
"102466723","MIR6734",TRUE
"112268225","LOC112268225",TRUE
"112950","MED8",TRUE
"107984947","MED8-AS1",TRUE
"23334","SZT2",TRUE
"100873952","SZT2-AS1",TRUE
"81888","HYI",TRUE
"5792","PTPRF",TRUE
"9682","KDM4A",TRUE
"100132774","KDM4A-AS1",TRUE
"6487","ST3GAL3",TRUE
"9048","ARTN",TRUE
"105378688","LINC02918",TRUE
"101929609","LOC101929609",TRUE
"9670","IPO13",TRUE
"1802","DPH2",TRUE
"533","ATP6V0B",TRUE
"8704","B4GALT2",TRUE
"149473","CCDC24",TRUE
"6536","SLC6A9",TRUE
"107984948","LOC107984948",TRUE
"55929","DMAP1",TRUE
"79033","ERI3",TRUE
"100874278","ERI3-IT1",TRUE
"55182","RNF220",TRUE
"107984951",NA,FALSE
"107984950","LOC107984950",TRUE
"79639","TMEM53",TRUE
"339541","ARMH1",TRUE
"11004","KIF2C",TRUE
"109623476","SNORD160",TRUE
"6202","RPS8",TRUE
"94161","SNORD46",TRUE
"94162","SNORD38A",TRUE
"94163","SNORD38B",TRUE
"266675","BEST4",TRUE
"1263","PLK3",TRUE
"343521","DYNLT4",TRUE
"149478","BTBD19",TRUE
"107984952","LOC107984952",TRUE
"8643","PTCH2",TRUE
"8891","EIF2B3",TRUE
"79654","HECTD3",TRUE
"7389","UROD",TRUE
"57643","ZSWIM5",TRUE
"105378691","LOC105378691",TRUE
"400752","LINC01144",TRUE
"84842","HPDL",TRUE
"4595","MUTYH",TRUE
"114034","TOE1",TRUE
"10420","TESK2",TRUE
"126661","CCDC163",TRUE
"25974","MMACHC",TRUE
"5052","PRDX1",TRUE
"10327","AKR1A1",TRUE
"4678","NASP",TRUE
"149483","CCDC17",TRUE
"60313","GPBP1L1",TRUE
"728963","RPS15AP10",TRUE
"51249","TMEM69",TRUE
"3652","IPP",TRUE
"23139","MAST2",TRUE
"110117499","P3R3URF-PIK3R3",TRUE
"8503","PIK3R3",TRUE
"10103","TSPAN1",TRUE
"55624","POMGNT1",TRUE
"541468","LURAP1",TRUE
"8438","RAD54L",TRUE
"10489","LRRC41",TRUE
"7388","UQCRH",TRUE
"387338","NSUN4",TRUE
"2166","FAAH",TRUE
"100507423","MKNK1-AS1",TRUE
"8569","MKNK1",TRUE
"148932","MOB3C",TRUE
"64756","ATPAF1",TRUE
"374973","TEX38",TRUE
"100130197","EFCAB14-AS1",TRUE
"9813","EFCAB14",TRUE
"105378698","LOC105378698",TRUE
"6886","TAL1",TRUE
"6491","STIL",TRUE
"51727","CMPK1",TRUE
"102724077","LINC01389",TRUE
"84793","FOXD2-AS1",TRUE
"2306","FOXD2",TRUE
"388630","TRABD2B",TRUE
"200010","SLC5A9",TRUE
"54558","SPATA6",TRUE
"84871","AGBL4",TRUE
"79656","BEND5",TRUE
"1996","ELAVL4",TRUE
"63950","DMRTA2",TRUE
"105378714","LOC105378714",TRUE
"11124","FAF1",TRUE
"105378715","FAF1-AS1",TRUE
"112268262",NA,FALSE
"1031","CDKN2C",TRUE
"26994","RNF11",TRUE
"22996","TTC39A",TRUE
"2060","EPS15",TRUE
"114883","OSBPL9",TRUE
"4898","NRDC",TRUE
"105378721",NA,FALSE
"100313892","MIR761",TRUE
"5865","RAB3B",TRUE
"51060","TXNDC12",TRUE
"112970","KTI12",TRUE
"91408","BTF3L4",TRUE
"9372","ZFYVE9",TRUE
"200014","CC2D1B",TRUE
"4998","ORC1",TRUE
"84950","PRPF38A",TRUE
"23318","TUT4",TRUE
"2882","GPX7",TRUE
"65260","COA7",TRUE
"79699","ZYG11B",TRUE
"55268","ECHDC2",TRUE
"6342","SCP2",TRUE
"1376","CPT2",TRUE
"54987","CZIB",TRUE
"4116","MAGOH",TRUE
"100507564","MAGOH-DT",TRUE
"7804","LRP8",TRUE
"105378728","LOC105378728",TRUE
"105378726","LOC105378726",TRUE
"105378731","LOC105378731",TRUE
"105378730",NA,FALSE
"55706","NDC1",TRUE
"54432","YIPF1",TRUE
"51668","IFT25",TRUE
"115353","LRRC42",TRUE
"9528","TMEM59",TRUE
"127428","TCEANC2",TRUE
"606495","CYB5RL",TRUE
"51253","MRPL37",TRUE
"23648","SSBP3",TRUE
"619518","SSBP3-AS1",TRUE
"100527960","MROH7-TTC4",TRUE
"7268","TTC4",TRUE
"25973","PARS2",TRUE
"163747","CIMAP2",TRUE
"1718","DHCR24",TRUE
"107984958","DHCR24-DT",TRUE
"23358","USP24",TRUE
"100507634","LOC100507634",TRUE
"105378744","LINC01767",TRUE
"8613","PLPP3",TRUE
"5563","PRKAA2",TRUE
"107984960","LOC107984960",TRUE
"115209","OMA1",TRUE
"114803","MYSM1",TRUE
"105378751","LOC105378751",TRUE
"3725","JUN",TRUE
"101926907","LOC101926907",TRUE
"105378753","LINC02777",TRUE
"101926925","LINC01358",TRUE
"729467","HSD52",TRUE
"105378756","FGGY-DT",TRUE
"55277","FGGY",TRUE
"105378763","LINC01748",TRUE
"101926964","LOC101926964",TRUE
"100996570","NFIA-AS2",TRUE
"4774","NFIA",TRUE
"83941","TM2D1",TRUE
"10207","PATJ",TRUE
"7398","USP1",TRUE
"85440","DOCK7",TRUE
"84938","ATG4C",TRUE
"100996301","FOXD3-AS1",TRUE
"29929","ALG6",TRUE
"23421","ITGB3BP",TRUE
"84455","EFCAB7",TRUE
"79469","DLEU2L",TRUE
"5236","PGM1",TRUE
"4919","ROR1",TRUE
"107984966","LOC107984966",TRUE
"57685","CACHD1",TRUE
"55225","RAVER2",TRUE
"3716","JAK1",TRUE
"101927084","LINC01359",TRUE
"100500854","MIR3671",TRUE
"205","AK4",TRUE
"9829","DNAJC6",TRUE
"3953","LEPR",TRUE
"54741","LEPROT",TRUE
"5142","PDE4B",TRUE
"84251","SGIP1",TRUE
"79819","DNAI4",TRUE
"57708","MIER1",TRUE
"23169","SLC35D1",TRUE
"3595","IL12RB2",TRUE
"26135","SERBP1",TRUE
"1647","GADD45A",TRUE
"55970","GNG12",TRUE
"100289178","GNG12-AS1",TRUE
"9077","DIRAS3",TRUE
"79971","WLS",TRUE
"6121","RPE65",TRUE
"55635","DEPDC1",TRUE
"101927220","DEPDC1-AS1",TRUE
"57554","LRRC7",TRUE
"55631","LRRC40",TRUE
"9295","SRSF11",TRUE
"81573","ANKRD13C",TRUE
"11147","ANKRD13C-DT",TRUE
"102724548","LINC03102",TRUE
"1491","CTH",TRUE
"100132618","ZRANB2-AS1",TRUE
"9406","ZRANB2",TRUE
"406962","MIR186",TRUE
"100852410","ZRANB2-DT",TRUE
"105378797","LOC105378797",TRUE
"127255","LRRIQ3",TRUE
"100526835","FPGT-TNNI3K",TRUE
"8790","FPGT",TRUE
"51086","TNNI3K",TRUE
"105378803","LRRC53",TRUE
"127254","ERICH3",TRUE
"1429","CRYZ",TRUE
"127253","TYW3",TRUE
"204962","SLC44A5",TRUE
"34","ACADM",TRUE
"1744","DLSTP1",TRUE
"5876","RABGGTB",TRUE
"692085","SNORD45C",TRUE
"26805","SNORD45A",TRUE
"26804","SNORD45B",TRUE
"81849","ST6GALNAC5",TRUE
"10026","PIGK",TRUE
"26289","AK5",TRUE
"26009","ZZZ3",TRUE
"23032","USP33",TRUE
"374986","MIGA1",TRUE
"91624","NEXN",TRUE
"8880","FUBP1",TRUE
"11080","DNAJB4",TRUE
"10964","IFI44L",TRUE
"10561","IFI44",TRUE
"107985018","LOC107985018",TRUE
"23266","ADGRL2",TRUE
"107985041",NA,FALSE
"79739","TTLL7",TRUE
"5567","PRKACB",TRUE
"107985046",NA,FALSE
"112268230",NA,FALSE
"148418","SAMD13",TRUE
"391051","UOX",TRUE
"80135","RPF1",TRUE
"2787","GNG5",TRUE
"100505741","SPATA1",TRUE
"1486","CTBS",TRUE
"105378819","LOC105378819",TRUE
"103695366","LINC01461",TRUE
"117178","SSX2IP",TRUE
"84144","SYDE2",TRUE
"148423","C1orf52",TRUE
"8915","BCL10",TRUE
"646626","BCL10-AS1",TRUE
"23576","DDAH1",TRUE
"107985054",NA,FALSE
"3491","CCN1",TRUE
"107985057","LOC107985057",TRUE
"54680","ZNHIT6",TRUE
"255631","COL24A1",TRUE
"57489","ODF2L",TRUE
"105378828","CLCA4-AS1",TRUE
"51100","SH3GLB1",TRUE
"9403","SELENOF",TRUE
"9653","HS2ST1",TRUE
"339524","LINC01140",TRUE
"8543","LMO4",TRUE
"105378833","LOC105378833",TRUE
"105378834","LOC105378834",TRUE
"105378839","LOC105378839",TRUE
"101927891","PKN2-AS1",TRUE
"5586","PKN2",TRUE
"2959","GTF2B",TRUE
"56267","KYAT3",TRUE
"494115","RBMXL1",TRUE
"2635","GBP3",TRUE
"105378841","LOC105378841",TRUE
"2633","GBP1",TRUE
"2634","GBP2",TRUE
"112268267","LOC112268267",TRUE
"115361","GBP4",TRUE
"115362","GBP5",TRUE
"23507","LRRC8B",TRUE
"84230","LRRC8C",TRUE
"400761","LRRC8C-DT",TRUE
"55144","LRRC8D",TRUE
"105378847","LOC105378847",TRUE
"492303","GEMIN8P4",TRUE
"284695","ZNF326",TRUE
"343472","BARHL2",TRUE
"84146","ZNF644",TRUE
"164045","HFM1",TRUE
"8317","CDC7",TRUE
"102723436","LOC102723436",TRUE
"7049","TGFBR3",TRUE
"253152","EPHX4",TRUE
"646817","SETSIP",TRUE
"284697","BTBD8",TRUE
"23285",NA,FALSE
"11146","GLMN",TRUE
"79871","RPAP2",TRUE
"2672","GFI1",TRUE
"7813","EVI5",TRUE
"6125","RPL5",TRUE
"388650","DIPK1A",TRUE
"6083","SNORD21",TRUE
"26782","SNORA66",TRUE
"22823","MTF2",TRUE
"50999","TMED5",TRUE
"343099","CCDC18",TRUE
"100131564","CCDC18-AS1",TRUE
"1810","DR1",TRUE
"54874","FNBP1L",TRUE
"107985761","TRC-GCA7-1",TRUE
"8412","BCAR3",TRUE
"100129046","BCAR3-AS1",TRUE
"723788",NA,FALSE
"30836","DNTTIP2",TRUE
"2730","GCLM",TRUE
"24","ABCA4",TRUE
"105378858","LOC105378858",TRUE
"9411","ARHGAP29",TRUE
"105378859",NA,FALSE
"5825","ABCD3",TRUE
"2152","F3",TRUE
"101928079","SLC44A3-AS1",TRUE
"126969","SLC44A3",TRUE
"1266","CNN3",TRUE
"105378862",NA,FALSE
"729970","CNN3-DT",TRUE
"199857","ALG14",TRUE
"105378863","LOC105378863",TRUE
"148534","TLCD4",TRUE
"100527978","TLCD4-RWDD3",TRUE
"25950","RWDD3",TRUE
"58155","PTBP2",TRUE
"1806","DPYD",TRUE
"100873932","DPYD-AS1",TRUE
"51375","SNX7",TRUE
"163404","PLPPR5",TRUE
"100129620","PLPPR5-AS1",TRUE
"9890","PLPPR4",TRUE
"54873","PALMD",TRUE
"391059","FRRS1",TRUE
"178","AGL",TRUE
"23443","SLC35A3",TRUE
"64645","MFSD14A",TRUE
"163786","SASS6",TRUE
"54482","TRMT13",TRUE
"127495","LRRC39",TRUE
"1629","DBT",TRUE
"100506007","RTCA-AS1",TRUE
"8634","RTCA",TRUE
"8556","CDC14A",TRUE
"54112","GPR88",TRUE
"7412","VCAM1",TRUE
"2135","EXTL2",TRUE
"148867","SLC30A7",TRUE
"51611","DPH5",TRUE
"102606465","DPH5-DT",TRUE
"55599","RNPC3",TRUE
"280","AMY2B",TRUE
"55170","PRMT6",TRUE
"10451","VAV3",TRUE
"100873946","VAV3-AS1",TRUE
"107985124","LINC02785",TRUE
"29957","SLC25A24",TRUE
"284611","EEIG2",TRUE
"55119","PRPF38B",TRUE
"163479","FNDC7",TRUE
"6814","STXBP3",TRUE
"105378891","LOC105378891",TRUE
"254268","AKNAD1",TRUE
"642864","SPATA42",TRUE
"29899","GPSM2",TRUE
"23155","CLCC1",TRUE
"22911","WDR47",TRUE
"6884","TAF13",TRUE
"105378892","TMEM167B-DT",TRUE
"56900","TMEM167B",TRUE
"127003","CFAP276",TRUE
"57535","ELAPOR1",TRUE
"6301","SARS1",TRUE
"1952","CELSR2",TRUE
"84722","PSRC1",TRUE
"343263","MYBPHL",TRUE
"6272","SORT1",TRUE
"5686","PSMA5",TRUE
"284612","SYPL2",TRUE
"127002","ATXN7L2",TRUE
"284613","CYB561D1",TRUE
"57463","AMIGO1",TRUE
"83873","GPR61",TRUE
"2773","GNAI3",TRUE
"2780","GNAT2",TRUE
"271","AMPD2",TRUE
"2948","GSTM4",TRUE
"2946","GSTM2",TRUE
"2944","GSTM1",TRUE
"2947","GSTM3",TRUE
"1435","CSF1",TRUE
"10768","AHCYL1",TRUE
"85369","STRIP1",TRUE
"257","ALX3",TRUE
"3749","KCNC4",TRUE
"440600","RBM15-AS1",TRUE
"64783","RBM15",TRUE
"9122","SLC16A4",TRUE
"10542","LAMTOR5",TRUE
"101410535","LAMTOR5-AS1",TRUE
"3737","KCNA2",TRUE
"107985174","LOC107985174",TRUE
"3738","KCNA3",TRUE
"55791","LRIF1",TRUE
"128338","DRAM2",TRUE
"10390","CEPT1",TRUE
"1117","CHI3L2",TRUE
"128344","CIMAP3",TRUE
"105378904","LOC105378904",TRUE
"5016","OVGP1",TRUE
"79084","WDR77",TRUE
"515","ATP5PB",TRUE
"128346","C1orf162",TRUE
"5906","RAP1A",TRUE
"100129269","LINC01160",TRUE
"107985184","LOC107985184",TRUE
"55924","INKA2",TRUE
"100506343","INKA2-AS1",TRUE
"101928718","LOC101928718",TRUE
"11218","DDX20",TRUE
"3752","KCND3",TRUE
"643355","LINC01750",TRUE
"55917","CTTNBP2NL",TRUE
"7482","WNT2B",TRUE
"54879","ST7L",TRUE
"829","CAPZA1",TRUE
"4343","MOV10",TRUE
"389","RHOC",TRUE
"333926","PPM1J",TRUE
"100996702","LINC01356",TRUE
"105378911","LOC105378911",TRUE
"6566","SLC16A1",TRUE
"246182","AKR7A2P1",TRUE
"100506392","SLC16A1-AS1",TRUE
"107985189","LOC107985189",TRUE
"100996251","LRIG2-DT",TRUE
"9860","LRIG2",TRUE
"260425","MAGI3",TRUE
"10745","PHTF1",TRUE
"54665","RSBN1",TRUE
"100287722","AP4B1-AS1",TRUE
"440603","BCL2L15",TRUE
"10717","AP4B1",TRUE
"64858","DCLRE1B",TRUE
"101928846","HIPK1-AS1",TRUE
"204851","HIPK1",TRUE
"56944","OLFML3",TRUE
"148281","SYT6",TRUE
"51592","TRIM33",TRUE
"105378913",NA,FALSE
"10286","BCAS2",TRUE
"4893","NRAS",TRUE
"7812","CSDE1",TRUE
"80143","SIKE1",TRUE
"476","ATP1A1",TRUE
"84852","ATP1A1-AS1",TRUE
"112268235","LOC112268235",TRUE
"965","CD58",TRUE
"105378925","LOC105378925",TRUE
"3321","IGSF3",TRUE
"105378924","LOC105378924",TRUE
"105378927","LOC105378927",TRUE
"5738","PTGFRN",TRUE
"9398","CD101",TRUE
"101929099","CD101-AS1",TRUE
"8458","TTF2",TRUE
"80263","TRIM45",TRUE
"79679","VTCN1",TRUE
"10905","MAN1A2",TRUE
"54855","TENT5C",TRUE
"54834","GDAP2",TRUE
"10885","WDR3",TRUE
"200162","SPAG17",TRUE
"10352","WARS2",TRUE
"104472716","WARS2-IT1",TRUE
"101929147","WARS2-AS1",TRUE
"107985192","LOC107985192",TRUE
"90874","ZNF697",TRUE
"26227","PHGDH",TRUE
"105378936",NA,FALSE
"4853","NOTCH2",TRUE
"101929178","LOC101929178",TRUE
"9554","SEC22B",TRUE
"107985522",NA,FALSE
"105378954",NA,FALSE
"101929788","LOC101929788",TRUE
"728841","NBPF8",TRUE
"107985523",NA,FALSE
"767846","PFN1P2",TRUE
"100996724","PDE4DIPP2",TRUE
"107985524","LOC107985524",TRUE
"101929796","NOTCH2NLR",TRUE
"101060684","NBPF26",TRUE
"728855","LINC00623",TRUE
"106479023","H3P4",TRUE
"653820","FAM72B",TRUE
"653464","SRGAP2C",TRUE
"107985193","LOC107985193",TRUE
"100873165","SRGAP2-AS1",TRUE
"107985194","LINC02798",TRUE
"647121","EMBP1",TRUE
"101929814","LOC101929814",TRUE
"105371175","LOC105371175",TRUE
"101927452","LOC101927452",TRUE
"554282","FAM72C",TRUE
"100996712","SRGAP2D",TRUE
"105371206","LOC105371206",TRUE
"100996732","LINC02802",TRUE
"101927333","CH17-125A10.2",TRUE
"284565","NBPF15",TRUE
"105371211","LOC105371211",TRUE
"101929826","LINC01632",TRUE
"101927429","KMT2CP1",TRUE
"105371216","LOC105371216",TRUE
"647135","SRGAP2B",TRUE
"107985595","LOC107985595",TRUE
"728833","FAM72D",TRUE
"103091866","LINC01145",TRUE
"100996740","LOC100996740",TRUE
"101954266","RNVU1-14",TRUE
"100288142","NBPF20",TRUE
"105371312",NA,FALSE
"101929780","NBPF25P",TRUE
"653519","GPR89A",TRUE
"5174","PDZK1",TRUE
"11126","CD160",TRUE
"27246","RNF115",TRUE
"10623","POLR3C",TRUE
"200035","NUDT17",TRUE
"10401","PIAS3",TRUE
"148741","ANKRD35",TRUE
"8515","ITGA10",TRUE
"8799","PEX11B",TRUE
"114814","GNRHR2",TRUE
"9939","RBM8A",TRUE
"105371260","LIX1L-AS1",TRUE
"128077","LIX1L",TRUE
"84265","POLR3GL",TRUE
"284615","ANKRD34A",TRUE
"10628","TXNIP",TRUE
"101928979","LINC01719",TRUE
"100132406","NBPF10",TRUE
"388677","NOTCH2NLA",TRUE
"105371254","LOC105371254",TRUE
"170688","NUDT4P2",TRUE
"102724364","SEC22B4P",TRUE
"100996756","LOC100996756",TRUE
"107985591",NA,FALSE
"100288805","HYDIN2",TRUE
"149013","NBPF12",TRUE
"5565","PRKAB2",TRUE
"9557","CHD1L",TRUE
"171423","PDIA3P1",TRUE
"2330","FMO5",TRUE
"100289211","LINC00624",TRUE
"607","BCL9",TRUE
"51205","ACP6",TRUE
"51463","GPR89B",TRUE
"100034743","PDZK1P1",TRUE
"105371228",NA,FALSE
"200030","NBPF11",TRUE
"388685","LINC01138",TRUE
"105371224","LOC105371224",TRUE
"25832","NBPF14",TRUE
"100996763","NOTCH2NLB",TRUE
"105371223","LOC105371223",TRUE
"440672","NUDT4B",TRUE
"100996517","SEC22B3P",TRUE
"9659","PDE4DIP",TRUE
"112268272","LOC112268272",TRUE
"400818","NBPF9",TRUE
"101929790","LOC101929790",TRUE
"653513","LOC653513",TRUE
"100996716","SEC22B2P",TRUE
"100996717","NOTCH2NLC",TRUE
"101060226","NBPF19",TRUE
"57234","LINC00869",TRUE
"440689","H2BC18",TRUE
"8370","H4C14",TRUE
"8337","H2AC18",TRUE
"337873","H2BC20P",TRUE
"723790","H2AC19",TRUE
"112268238",NA,FALSE
"554313","H4C15",TRUE
"8349","H2BC21",TRUE
"8338","H2AC20",TRUE
"51027","BOLA1",TRUE
"9900","SV2A",TRUE
"10262","SF3B4",TRUE
"10903","MTMR11",TRUE
"56957","OTUD7B",TRUE
"105371427",NA,FALSE
"11311","VPS45",TRUE
"51177","PLEKHO1",TRUE
"105371433","LINC02988",TRUE
"81611","ANP32E",TRUE
"23632","CA14",TRUE
"109616989","SNORD13C",TRUE
"51107","APH1A",TRUE
"79630","C1orf54",TRUE
"148523","CIART",TRUE
"54460","MRPS21",TRUE
"9129","PRPF3",TRUE
"23248","RPRD2",TRUE
"80222","TARS2",TRUE
"102465529","MIR6878",TRUE
"1893","ECM1",TRUE
"100874054","FALEC",TRUE
"100289061","ADAMTSL4-AS2",TRUE
"54507","ADAMTSL4",TRUE
"574406","ADAMTSL4-AS1",TRUE
"4170","MCL1",TRUE
"107985203","LOC107985203",TRUE
"2029","ENSA",TRUE
"112268239","LOC112268239",TRUE
"55204","GOLPH3L",TRUE
"1520","CTSS",TRUE
"1513","CTSK",TRUE
"405","ARNT",TRUE
"107985204","LOC107985204",TRUE
"9869","SETDB1",TRUE
"29956","CERS2",TRUE
"8416","ANXA9",TRUE
"55793","MINDY1",TRUE
"58497","PRUNE1",TRUE
"149428","BNIPL",TRUE
"54964","C1orf56",TRUE
"56882","CDC42SE1",TRUE
"10962","MLLT11",TRUE
"126626","GABPB2",TRUE
"10500","SEMA6C",TRUE
"388695","LYSMD1",TRUE
"100534012","TNFAIP8L2-SCNM1",TRUE
"79626","TNFAIP8L2",TRUE
"79005","SCNM1",TRUE
"29765","TMOD4",TRUE
"6944","VPS72",TRUE
"8394","PIP5K1A",TRUE
"5710","PSMD4",TRUE
"100507670","ZNF687-AS1",TRUE
"57592","ZNF687",TRUE
"5298","PI4KB",TRUE
"5993","RFX5",TRUE
"101927886","RFX5-AS1",TRUE
"8991","SELENBP1",TRUE
"5692","PSMB4",TRUE
"23126","POGZ",TRUE
"57530","CGN",TRUE
"7286","TUFT1",TRUE
"81609","SNX27",TRUE
"11189","CELF3",TRUE
"284485","RIIAD1",TRUE
"65005","MRPL9",TRUE
"51686","OAZ3",TRUE
"11022","TDRKH",TRUE
"109729141","TDRKH-AS1",TRUE
"339398","LINGO4",TRUE
"6097","RORC",TRUE
"100191040","C2CD4D",TRUE
"100132111","C2CD4D-AS1",TRUE
"284486","THEM5",TRUE
"117145","THEM4",TRUE
"6281","S100A10",TRUE
"105371441",NA,FALSE
"6282","S100A11",TRUE
"101927949","LOC101927949",TRUE
"6277","S100A6",TRUE
"6276","S100A5",TRUE
"6275","S100A4",TRUE
"101928034","LOC101928034",TRUE
"6274","S100A3",TRUE
"6273","S100A2",TRUE
"140576","S100A16",TRUE
"57402","S100A14",TRUE
"6284","S100A13",TRUE
"6271","S100A1",TRUE
"26097","CHTOP",TRUE
"23557","SNAPIN",TRUE
"3608","ILF2",TRUE
"4881","NPR1",TRUE
"65123","INTS3",TRUE
"11000","SLC27A3",TRUE
"57459","GATAD2B",TRUE
"101928059","LOC101928059",TRUE
"9909","DENND4B",TRUE
"200186","CRTC2",TRUE
"27173","SLC39A1",TRUE
"148327","CREB3L4",TRUE
"10899","JTB",TRUE
"5872","RAB13",TRUE
"6232","RPS27",TRUE
"91181","NUP210L",TRUE
"7170","TPM3",TRUE
"25912","C1orf43",TRUE
"9898","UBAP2L",TRUE
"109617023","SNORA58B",TRUE
"10456","HAX1",TRUE
"57198","ATP8B2",TRUE
"3570","IL6R",TRUE
"126669","SHE",TRUE
"55585","UBE2Q1",TRUE
"100874097","UBE2Q1-AS1",TRUE
"1141","CHRNB2",TRUE
"103","ADAR",TRUE
"3782","KCNN3",TRUE
"105371449","LOC105371449",TRUE
"10654","PMVK",TRUE
"57326","PBXIP1",TRUE
"90780","PYGO2",TRUE
"101928120","PYGO2-AS1",TRUE
"6464","SHC1",TRUE
"1163","CKS1B",TRUE
"100423020","MIR4258",TRUE
"80308","FLAD1",TRUE
"51043","ZBTB7B",TRUE
"127579","DCST2",TRUE
"149095","DCST1",TRUE
"100505666","DCST1-AS1",TRUE
"8751","ADAM15",TRUE
"1945","EFNA4",TRUE
"1944","EFNA3",TRUE
"1942","EFNA1",TRUE
"55974","SLC50A1",TRUE
"54344","DPM3",TRUE
"200185","KRTCAP2",TRUE
"80128","TRIM46",TRUE
"4582","MUC1",TRUE
"7059","THBS3",TRUE
"105371450","THBS3-AS1",TRUE
"4580","MTX1",TRUE
"2630","GBA1LP",TRUE
"2629","GBA1",TRUE
"10712","ENTREP3",TRUE
"10067","SCAMP3",TRUE
"1196","CLK2",TRUE
"57657","HCN3",TRUE
"5313","PKLR",TRUE
"2224","FDPS",TRUE
"284618","RUSC1-AS1",TRUE
"23623","RUSC1",TRUE
"55870","ASH1L",TRUE
"693140","MIR555",TRUE
"645676","ASH1L-AS1",TRUE
"101929703","LOC101929703",TRUE
"105371452","LOC105371452",TRUE
"55154","MSTO1",TRUE
"55249","YY1AP1",TRUE
"106633810","SCARNA26A",TRUE
"7818","DAP3",TRUE
"100505728",NA,FALSE
"100129405","MSTO2P",TRUE
"54856","GON4L",TRUE
"23208","SYT11",TRUE
"6016","RIT1",TRUE
"22889","KHDC4",TRUE
"677823","SNORA80E",TRUE
"677771","SCARNA4",TRUE
"107985207","LOC107985207",TRUE
"9181","ARHGEF2",TRUE
"107985209","ARHGEF2-AS2",TRUE
"6746","SSR2",TRUE
"105371729","LOC105371729",TRUE
"56893","UBQLN4",TRUE
"28956","LAMTOR2",TRUE
"92312","MEX3A",TRUE
"4000","LMNA",TRUE
"64218","SEMA4A",TRUE
"9673","SLC25A44",TRUE
"100527963","PMF1-BGLAP",TRUE
"11243","PMF1",TRUE
"632","BGLAP",TRUE
"79957","PAQR6",TRUE
"23381","SMG5",TRUE
"84283","TMEM79",TRUE
"112770","GLMP",TRUE
"7203","CCT3",TRUE
"128229","TSACC",TRUE
"57127","RHBG",TRUE
"10485","MIR9-1HG",TRUE
"407046","MIR9-1",TRUE
"4209","MEF2D",TRUE
"128239","IQGAP3",TRUE
"164118","TTC24",TRUE
"128240","NAXE",TRUE
"54865","GPATCH4",TRUE
"60484","HAPLN2",TRUE
"105371453","BCAN-AS1",TRUE
"63827","BCAN",TRUE
"10763","NES",TRUE
"1382","CRABP2",TRUE
"81875","ISG20L2",TRUE
"51093","METTL25B",TRUE
"79590","MRPL24",TRUE
"3068","HDGF",TRUE
"5546","PRCC",TRUE
"9826","ARHGEF11",TRUE
"440695","ETV3L",TRUE
"2117","ETV3",TRUE
"360155","CYCSP52",TRUE
"55243","KIRREL1",TRUE
"3428","IFI16",TRUE
"107181291","PYDC5",TRUE
"57863","CADM3",TRUE
"25790","CFAP45",TRUE
"8407","TAGLN2",TRUE
"57549","IGSF9",TRUE
"93183","PIGM",TRUE
"3766","KCNJ10",TRUE
"3765","KCNJ9",TRUE
"93185","IGSF8",TRUE
"477","ATP1A2",TRUE
"844","CASQ1",TRUE
"729867","PEA15-AS1",TRUE
"8682","PEA15",TRUE
"50717","DCAF8",TRUE
"100287049","DCAF8-DT",TRUE
"5824","PEX19",TRUE
"107985219","LOC107985219",TRUE
"1314","COPA",TRUE
"474338","SUMO1P3",TRUE
"23385","NCSTN",TRUE
"4807","NHLH1",TRUE
"105371466","LOC105371466",TRUE
"57216","VANGL2",TRUE
"50848","F11R",TRUE
"7391","USF1",TRUE
"257106","ARHGAP30",TRUE
"81607","NECTIN4",TRUE
"126823","KLHDC9",TRUE
"5202","PFDN2",TRUE
"4817","NIT1",TRUE
"9191","DEDD",TRUE
"51506","UFC1",TRUE
"112543491","LOC112543491",TRUE
"27005","USP21",TRUE
"5498","PPOX",TRUE
"8703","B4GALT3",TRUE
"9507","ADAMTS4",TRUE
"4720","NDUFS2",TRUE
"2207","FCER1G",TRUE
"84134","TOMM40L",TRUE
"100847090","MIR5187",TRUE
"9970","NR1I3",TRUE
"4359","MPZ",TRUE
"6391","SDHC",TRUE
"257177","CFAP126",TRUE
"2212","FCGR2A",TRUE
"3310","HSPA6",TRUE
"9103","FCGR2C",TRUE
"3311","HSPA7",TRUE
"2213","FCGR2B",TRUE
"84824","FCRLA",TRUE
"127943","FCRLB",TRUE
"11266","DUSP12",TRUE
"102724329","ATF6-DT",TRUE
"22926","ATF6",TRUE
"25903","OLFML2B",TRUE
"9722","NOS1AP",TRUE
"105371475","LOC105371475",TRUE
"284680","SPATA46",TRUE
"400793","C1orf226",TRUE
"127933","UHMK1",TRUE
"6675","UAP1",TRUE
"4921","DDR2",TRUE
"51478","HSD17B7",TRUE
"8490","RGS5",TRUE
"83540","NUF2",TRUE
"5087","PBX1",TRUE
"4259","MGST3",TRUE
"223","ALDH9A1",TRUE
"54499","TMCO1",TRUE
"100147773","TMCO1-AS1",TRUE
"7371","UCK2",TRUE
"100500832","MIR3658",TRUE
"105371586","FAM78B-AS1",TRUE
"57645","POGK",TRUE
"117143","TADA1",TRUE
"387597","ILDR2",TRUE
"84944","MAEL",TRUE
"5451","POU2F1",TRUE
"8804","CREG1",TRUE
"9019","MPZL1",TRUE
"55811","ADCY10",TRUE
"25874","MPC2",TRUE
"55827","DCAF6",TRUE
"23432","GPR161",TRUE
"261726","TIPRL",TRUE
"375035","SFT2D2",TRUE
"84832","ANKRD36BP1",TRUE
"9095","TBX19",TRUE
"481","ATP1B1",TRUE
"29922","NME7",TRUE
"8548","BLZF1",TRUE
"57821","CCDC181",TRUE
"10560","SLC19A2",TRUE
"92342","METTL18",TRUE
"55732","FIRRM",TRUE
"57147","SCYL3",TRUE
"22920","KIFAP3",TRUE
"101928650","GORAB-AS1",TRUE
"92344","GORAB",TRUE
"5396","PRRX1",TRUE
"2329","FMO4",TRUE
"7151","TOP1P1",TRUE
"23215","PRRC2C",TRUE
"8674","VAMP4",TRUE
"51603","METTL13",TRUE
"26052","DNM3",TRUE
"100628315","DNM3OS",TRUE
"102724528","LOC102724528",TRUE
"92346","C1orf105",TRUE
"5279","PIGC",TRUE
"51430","SUCO",TRUE
"7292","TNFSF4",TRUE
"100506023","LOC100506023",TRUE
"107985227",NA,FALSE
"101928673","PRDX6-AS1",TRUE
"9588","PRDX6",TRUE
"730159","TEX50",TRUE
"339416","ANKRD45",TRUE
"27252","KLHL20",TRUE
"91687","CENPL",TRUE
"55157","DARS2",TRUE
"100506046","GAS5-AS1",TRUE
"60674","GAS5",TRUE
"26769","SNORD81",TRUE
"26802","SNORD47",TRUE
"26774","SNORD80",TRUE
"26770","SNORD79",TRUE
"692198","SNORD78",TRUE
"26806","SNORD44",TRUE
"106635533","SNORA103",TRUE
"692197","SNORD77",TRUE
"692196","SNORD76",TRUE
"692195","SNORD75",TRUE
"619498","SNORD74",TRUE
"84614","ZBTB37",TRUE
"149041","RC3H1",TRUE
"9910","RABGAP1L",TRUE
"105371622","LOC105371622",TRUE
"27101","CACYBP",TRUE
"63931","MRPS14",TRUE
"63923","TNN",TRUE
"9674","KIAA0040",TRUE
"7143","TNR",TRUE
"107985228","LINC02803",TRUE
"64326","COP1",TRUE
"460","ASTN1",TRUE
"57795","BRINP2",TRUE
"105371625","LOC105371625",TRUE
"111240474","CRYZL2P-SEC16B",TRUE
"89866","SEC16B",TRUE
"730102","CRYZL2P",TRUE
"100302401","RASAL2-AS1",TRUE
"9462","RASAL2",TRUE
"105371629","LOC105371629",TRUE
"400798","C1orf220",TRUE
"646976","RALGPS2-AS1",TRUE
"55103","RALGPS2",TRUE
"9068","ANGPTL1",TRUE
"9917","FAM20B",TRUE
"64222","TOR3A",TRUE
"27","ABL2",TRUE
"6646","SOAT1",TRUE
"126859","AXDND1",TRUE
"107985229","LINC02818",TRUE
"163590","TOR1AIP2",TRUE
"26092","TOR1AIP1",TRUE
"101928933","LOC101928933",TRUE
"9857","CEP350",TRUE
"5768","QSOX1",TRUE
"89884","LHX4",TRUE
"84320","ACBD6",TRUE
"100527964","LHX4-AS1",TRUE
"105371637","LOC105371637",TRUE
"9213","XPR1",TRUE
"107985230",NA,FALSE
"57710","KIAA1614",TRUE
"103344928","KIAA1614-AS1",TRUE
"10228","STX6",TRUE
"3140","MR1",TRUE
"51278","IER5",TRUE
"101928973","LINC01732",TRUE
"777","CACNA1E",TRUE
"127665","ZNF648",TRUE
"2752","GLUL",TRUE
"6041","RNASEL",TRUE
"6004","RGS16",TRUE
"284648","LINC01686",TRUE
"85397","RGS8",TRUE
"80896","NPL",TRUE
"647070","DHX9-AS1",TRUE
"1660","DHX9",TRUE
"3915","LAMC1",TRUE
"110841583","LAMC1-AS1",TRUE
"3918","LAMC2",TRUE
"23057","NMNAT2",TRUE
"284649","SMG7-AS1",TRUE
"9887","SMG7",TRUE
"10092","ARPC5",TRUE
"23179","RGL1",TRUE
"23127","COLGALT2",TRUE
"116461","TSEN15",TRUE
"102724830","LOC102724830",TRUE
"81563","C1orf21",TRUE
"107985236","LOC107985236",TRUE
"105371648","LOC105371648",TRUE
"80267","EDEM3",TRUE
"116496","NIBAN1",TRUE
"6045","RNF2",TRUE
"81627","TRMT1L",TRUE
"54823","SWT1",TRUE
"10625","IVNS1ABP",TRUE
"100288079","GS1-279B7.1",TRUE
"83872","HMCN1",TRUE
"10216","PRG4",TRUE
"7175","TPR",TRUE
"54953","ODR4",TRUE
"102724919","PDC-AS1",TRUE
"5132","PDC",TRUE
"5743","PTGS2",TRUE
"5321","PLA2G4A",TRUE
"339479","BRINP3",TRUE
"105371659","LOC105371659",TRUE
"101929120","BRINP3-DT",TRUE
"100616345","MIR4426",TRUE
"5997","RGS2",TRUE
"51377","UCHL5",TRUE
"6738","RO60",TRUE
"51022","GLRX2",TRUE
"101929160",NA,FALSE
"79577","CDC73",TRUE
"8707","B3GALT2",TRUE
"343450","KCNT2",TRUE
"3075","CFH",TRUE
"259266","ASPM",TRUE
"360023","ZBTB41",TRUE
"23418","CRB1",TRUE
"163486","DENND1B",TRUE
"388722","C1orf53",TRUE
"140609","NEK7",TRUE
"100131234","MIR181A1HG",TRUE
"406955","MIR181B1",TRUE
"23528","ZNF281",TRUE
"9928","KIF14",TRUE
"83479","DDX59",TRUE
"23271","CAMSAP2",TRUE
"55765","INAVA",TRUE
"23046","KIF21B",TRUE
"252839","TMEM9",TRUE
"23612","PHLDA3",TRUE
"1465","CSRP1",TRUE
"107985246","CSRP1-AS1",TRUE
"376693","RPS10P7",TRUE
"89796","NAV1",TRUE
"100873949","IPO9-AS1",TRUE
"55705","IPO9",TRUE
"102466724","MIR6739",TRUE
"149345","SHISA4",TRUE
"25802","LMOD1",TRUE
"10440","TIMM17A",TRUE
"6051","RNPEP",TRUE
"112268254",NA,FALSE
"102723465","ELF3-AS1",TRUE
"9283","GPR37L1",TRUE
"127829","ARL8A",TRUE
"5778","PTPN7",TRUE
"148713","PTPRVP",TRUE
"59352","LGR6",TRUE
"101929388","LOC101929388",TRUE
"29089","UBE2T",TRUE
"4660","PPP1R12B",TRUE
"127833","SYT2",TRUE
"105371686",NA,FALSE
"10765","KDM5B",TRUE
"100506696","PCAT6",TRUE
"148709","ACTG1P25",TRUE
"5877","RABIF",TRUE
"59349","KLHL12",TRUE
"51094","ADIPOR1",TRUE
"51706","CYB5R1",TRUE
"100506747","MGAT4FP",TRUE
"92703","TMEM183A",TRUE
"8497","PPFIA4",TRUE
"105371687","LOC105371687",TRUE
"134","ADORA1",TRUE
"4608","MYBPH",TRUE
"1116","CHI3L1",TRUE
"1118","CHIT1",TRUE
"100506775","LINC01353",TRUE
"7832","BTG2",TRUE
"2331","FMOD",TRUE
"5549","PRELP",TRUE
"493","ATP2B4",TRUE
"84719","LINC00260",TRUE
"102723543","LOC102723543",TRUE
"9877","ZC3H11A",TRUE
"100381270","ZBED6",TRUE
"6635","SNRPE",TRUE
"105371689","LOC105371689",TRUE
"9580","SOX13",TRUE
"55224","ETNK2",TRUE
"101929441","ERLNC1",TRUE
"22874","PLEKHA6",TRUE
"84919","PPP1R15B",TRUE
"5287","PIK3C2B",TRUE
"100189122","TRK-TTT3-1",TRUE
"4194","MDM4",TRUE
"105371692","LOC105371692",TRUE
"10446","LRRN2",TRUE
"23114","NFASC",TRUE
"6900","CNTN2",TRUE
"388730","TMEM81",TRUE
"5929","RBBP5",TRUE
"25778","DSTYK",TRUE
"9911","TMCC2",TRUE
"81788","NUAK2",TRUE
"55220","KLHDC8A",TRUE
"284576","LEMD1-AS1",TRUE
"105371698","LOC105371698",TRUE
"93273","LEMD1",TRUE
"101669762","BLACAT1",TRUE
"284577","LEMD1-DT",TRUE
"5129","CDK18",TRUE
"148808","MFSD4A",TRUE
"2005","ELK4",TRUE
"85414","SLC45A3",TRUE
"64710","NUCKS1",TRUE
"8934","RAB29",TRUE
"254428","SLC41A1",TRUE
"115019","SLC26A9",TRUE
"103021296","SLC26A9-AS1",TRUE
"103021295","LOC103021295",TRUE
"338382","RAB7B",TRUE
"729533","FAM72A",TRUE
"23380","SRGAP2",TRUE
"9641","IKBKE",TRUE
"83593","RASSF5",TRUE
"1939","EIF2D",TRUE
"105372876","DYRK3-AS1",TRUE
"8444","DYRK3",TRUE
"9261","MAPKAPK2",TRUE
"9214","FCMR",TRUE
"79098","C1orf116",TRUE
"55432","YOD1",TRUE
"5208","PFKFB2",TRUE
"1604","CD55",TRUE
"4179","CD46",TRUE
"100128537","MIR29B2CHG",TRUE
"947","CD34",TRUE
"5362","PLXNA2",TRUE
"3914","LAMB3",TRUE
"50486","G0S2",TRUE
"80342","TRAF3IP3",TRUE
"148304","C1orf74",TRUE
"3664","IRF6",TRUE
"27042","UTP25",TRUE
"56256","SERTAD4",TRUE
"105372902","LOC105372902",TRUE
"55758","RCOR3",TRUE
"7188","TRAF5",TRUE
"84791","LINC00467",TRUE
"107985259","LOC107985259",TRUE
"7779","SLC30A1",TRUE
"4751","NEK2",TRUE
"9926","LPGAT1",TRUE
"25896","INTS7",TRUE
"51514","DTL",TRUE
"100131205","RPL21P28",TRUE
"101929541","LINC02608",TRUE
"5525","PPP2R5A",TRUE
"55248","PACC1",TRUE
"105372906","LOC105372906",TRUE
"29937","NENF",TRUE
"467","ATF3",TRUE
"102723761","LINC02773",TRUE
"55509","BATF3",TRUE
"25936","NSL1",TRUE
"128387","TATDN3",TRUE
"642946","FLVCR1-DT",TRUE
"28982","FLVCR1",TRUE
"79805","VASH2",TRUE
"90806","ANGEL2",TRUE
"26750","RPS6KC1",TRUE
"100505832","PROX1-AS1",TRUE
"100861504","LINC00538",TRUE
"5629","PROX1",TRUE
"56950","SMYD2",TRUE
"107985263",NA,FALSE
"5784","PTPN14",TRUE
"1063","CENPF",TRUE
"3776","KCNK2",TRUE
"105372919",NA,FALSE
"51133","KCTD3",TRUE
"55105","GPATCH2",TRUE
"128153","SPATA17",TRUE
"51018","RRP15",TRUE
"728463","TGFB2-AS1",TRUE
"7042","TGFB2",TRUE
"103611157","TGFB2-OT1",TRUE
"643723","LYPLAL1-DT",TRUE
"127018","LYPLAL1",TRUE
"643136","ZC3H11B",TRUE
"2058","EPRS1",TRUE
"10380","BPNT1",TRUE
"55699","IARS2",TRUE
"25782","RAB3GAP2",TRUE
"6791","AURKAP1",TRUE
"4139","MARK1",TRUE
"79762","C1orf115",TRUE
"54996","MTARC2",TRUE
"64757","MTARC1",TRUE
"11221","DUSP10",TRUE
"79802","HHIPL2",TRUE
"9015","TAF1A",TRUE
"100506161","TAF1A-AS1",TRUE
"375056","MIA3",TRUE
"64853","AIDA",TRUE
"148362","BROX",TRUE
"84976","DISP1",TRUE
"824","CAPN2",TRUE
"105373041","LOC105373041",TRUE
"7159","TP53BP2",TRUE
"441124","GTF2IP20",TRUE
"100287497","SEPTIN7P13",TRUE
"23219","FBXO28",TRUE
"8560","DEGS1",TRUE
"101927164","LOC101927164",TRUE
"4931","NVL",TRUE
"29097","CNIH4",TRUE
"80232","WDR26",TRUE
"149111","CNIH3",TRUE
"102723817","CNIH3-AS2",TRUE
"105373106","CNIH3-AS1",TRUE
"107985338","LINC02813",TRUE
"3930","LBR",TRUE
"55740","ENAH",TRUE
"6726","SRP9",TRUE
"2052","EPHX1",TRUE
"9725","TMEM63A",TRUE
"29920","PYCR2",TRUE
"163859","SDE2",TRUE
"3020","H3-3A",TRUE
"105373113","LINC01703",TRUE
"64746","ACBD3",TRUE
"107985353","ACBD3-AS1",TRUE
"286826","LIN9",TRUE
"142","PARP1",TRUE
"375057","STUM",TRUE
"3707","ITPKB",TRUE
"5664","PSEN2",TRUE
"107985354","LOC107985354",TRUE
"56997","COQ8A",TRUE
"105379282",NA,FALSE
"8476","CDC42BPA",TRUE
"339500","ZNF678",TRUE
"116841","SNAP47",TRUE
"65094","JMJD4",TRUE
"375","ARF1",TRUE
"79169","C1orf35",TRUE
"128308","MRPL55",TRUE
"2987","GUK1",TRUE
"200205","IBA57",TRUE
"81559","TRIM11",TRUE
"51127","TRIM17",TRUE
"92815","H2AC25",TRUE
"149603","RNF187",TRUE
"58480","RHOU",TRUE
"574029","DUSP5P1",TRUE
"105373159","RAB4A-AS1",TRUE
"5867","RAB4A",TRUE
"126731","CCSAP",TRUE
"55746","NUP133",TRUE
"23456","ABCB10",TRUE
"27097","TAF5L",TRUE
"9816","URB2",TRUE
"2590","GALNT2",TRUE
"79605","PGBD5",TRUE
"22796","COG2",TRUE
"107985358","LOC107985358",TRUE
"183","AGT",TRUE
"10753","CAPN9",TRUE
"84886","C1orf198",TRUE
"79573","TTC13",TRUE
"64801","ARV1",TRUE
"128061","FSAF1",TRUE
"8443","GNPAT",TRUE
"112268256",NA,FALSE
"149371","EXOC8",TRUE
"83932","SPRTN",TRUE
"107985360","LOC107985360",TRUE
"54583","EGLN1",TRUE
"100303453","TSNAX-DISC1",TRUE
"7257","TSNAX",TRUE
"27185","DISC1",TRUE
"27184","DISC2",TRUE
"104472714","DISC1-IT1",TRUE
"57568","SIPA1L2",TRUE
"107985361","LOC107985361",TRUE
"84284","NTPCR",TRUE
"80003","PCNX2",TRUE
"84451","MAP3K21",TRUE
"101927765","COA6-AS1",TRUE
"388753","COA6",TRUE
"6894","TARBP1",TRUE
"100506795","LINC01354",TRUE
"359948","IRF2BP2",TRUE
"100506810","LINC01132",TRUE
"9804","TOMM20",TRUE
"105379283","LOC105379283",TRUE
"677802","SNORA14B",TRUE
"23029","RBM34",TRUE
"51742","ARID4B",TRUE
"9453","GGPS1",TRUE
"6905","TBCE",TRUE
"148789","B3GALNT2",TRUE
"2786","GNG4",TRUE
"1130","LYST",TRUE
"4811","NID1",TRUE
"7107","GPR137B",TRUE
"56605","ERO1B",TRUE
"128178","EDARADD",TRUE
"3964","LGALS8",TRUE
"55127","HEATR1",TRUE
"88","ACTN2",TRUE
"4548","MTR",TRUE
"105373218","LOC105373218",TRUE
"1131","CHRM3",TRUE
"56776","FMN2",TRUE
"2271","FH",TRUE
"8564","KMO",TRUE
"23596","OPN3",TRUE
"1122","CHML",TRUE
"9156","EXO1",TRUE
"440738","MAP1LC3C",TRUE
"200150","PLD5",TRUE
"105373234","LOC105373234",TRUE
"731275","LINC01347",TRUE
"9859","CEP170",TRUE
"10806","SDCCAG8",TRUE
"100616343","MIR4677",TRUE
"10000","AKT3",TRUE
"105373255",NA,FALSE
"339529","LINC02774",TRUE
"10472","ZBTB18",TRUE
"159","ADSS2",TRUE
"105373264",NA,FALSE
"257044","CATSPERE",TRUE
"51029","DESI2",TRUE
"112268258",NA,FALSE
"116228","COX20",TRUE
"3192","HNRNPU",TRUE
"106635532","SNORA100",TRUE
"101928068","EFCAB2-AS1",TRUE
"84288","EFCAB2",TRUE
"107985725","LOC107985725",TRUE
"55083","KIF26B",TRUE
"105373265","LOC105373265",TRUE
"64754","SMYD3",TRUE
"101928089","SMYD3-AS1",TRUE
"112268277",NA,FALSE
"107985599",NA,FALSE
"64216","TFB2M",TRUE
"163882","CNST",TRUE
"105373271","LOC105373271",TRUE
"51097","SCCPDH",TRUE
"107985373",NA,FALSE
"149134","LINC01341",TRUE
"25909","AHCTF1",TRUE
"57116","ZNF695",TRUE
"100533111","ZNF670-ZNF695",TRUE
"93474","ZNF670",TRUE
"79862","ZNF669",TRUE
"400812","FLJ39095",TRUE
"388759","LINC02897",TRUE
"7678","ZNF124",TRUE
"112268259",NA,FALSE
"100500849","MIR3916",TRUE
"84838","ZNF496",TRUE
"107985115","ZNF496-DT",TRUE
"107985375","LOC107985375",TRUE
"114548","NLRP3",TRUE
"80851","SH3BP5L",TRUE
"79894","ZNF672",TRUE
"55657","ZNF692",TRUE
"267002","PGBD2",TRUE
"102724250","LOC102724250",TRUE
"107987366","LOC107987366",TRUE
"105379524","LOC105379524",TRUE
"642273","FAM110C",TRUE
"26751","SH3YL1",TRUE
"52","ACP1",TRUE
"285016","ALKAL2",TRUE
"101927262","LOC101927262",TRUE
"105373346","LOC105373346",TRUE
"129787","TMEM18",TRUE
"105373354","TMEM18-DT",TRUE
"7837","PXDN",TRUE
"107985840","LOC107985840",TRUE
"7260","EIPR1",TRUE
"51112","TRAPPC12",TRUE
"55256","ADI1",TRUE
"246243","RNASEH1",TRUE
"100506054","RNASEH1-DT",TRUE
"6201","RPS7",TRUE
"55821","ALLC",TRUE
"102723818","LINC01248",TRUE
"6664","SOX11",TRUE
"150622","SILC1",TRUE
"400940","LOC400940",TRUE
"102800315","LINC01246",TRUE
"102800314","MIR7515HG",TRUE
"102466235","MIR7515",TRUE
"129607","CMPK2",TRUE
"91543","RSAD2",TRUE
"9781","RNF144A",TRUE
"101929452","LOC101929452",TRUE
"107985847","LOC107985847",TRUE
"101929510","LOC101929510",TRUE
"100506299","ID2-AS1",TRUE
"3398","ID2",TRUE
"57498","KIDINS220",TRUE
"129642","MBOAT2",TRUE
"100506317",NA,FALSE
"8853","ASAP2",TRUE
"9270","ITGB1BP1",TRUE
"51692","CPSF3",TRUE
"285148","IAH1",TRUE
"6868","ADAM17",TRUE
"101929643","LOC101929643",TRUE
"10971","YWHAQ",TRUE
"100996549","LOC100996549",TRUE
"9014","TAF1B",TRUE
"105373422","LOC105373422",TRUE
"29841","GRHL1",TRUE
"112268412","LOC112268412",TRUE
"101929882","KLF11-DT",TRUE
"8462","KLF11",TRUE
"192668","CYS1",TRUE
"6241","RRM2",TRUE
"105373424","LOC105373424",TRUE
"101929691","LOC101929691",TRUE
"3241","HPCAL1",TRUE
"4953","ODC1",TRUE
"101929715","ODC1-DT",TRUE
"79954","NOL10",TRUE
"106479524","RN7SL832P",TRUE
"245973","ATP6V1C2",TRUE
"10130","PDIA6",TRUE
"101929733","LINC01954",TRUE
"3754","KCNF1",TRUE
"130813","CIMIP5",TRUE
"130814","SLC66A3",TRUE
"9475","ROCK2",TRUE
"1876","E2F6",TRUE
"9687","GREB1",TRUE
"23175","LPIN1",TRUE
"100506457","MIR3681HG",TRUE
"105373433","LOC105373433",TRUE
"28951","TRIB2",TRUE
"100422986","MIR3125",TRUE
"100506474","LOC100506474",TRUE
"105373436","LOC105373436",TRUE
"151354","LRATD1",TRUE
"51594","NBAS",TRUE
"105373440","LOC105373440",TRUE
"1653","DDX1",TRUE
"618","BCYRN1",TRUE
"6233","RPS27A",TRUE
"4528","MTIF2",TRUE
"6637","SNRPG",TRUE
"107985911","LOC107985911",TRUE
"101927050","KMT2CP4",TRUE
"107985798","KMT2CP5",TRUE
"375260","WASH2P",TRUE
"118433","RPL23AP7",TRUE
"9394","HS6ST1",TRUE
"285116","AHCTF1P1",TRUE
"6741","SSB",TRUE
"440926","H3P6",TRUE
"220988","HNRNPA3",TRUE
"100529241","HSPE1-MOB4",TRUE
"3336","HSPE1",TRUE
"55437","STRADB",TRUE
"7341","SUMO1",TRUE
"643387","TARDBPP3",TRUE
"4735","SEPTIN2",TRUE
"54977","SLC25A38",TRUE
"3921","RPSA",TRUE
"51372","TMA7",TRUE
"80335","WDR82",TRUE
"6152","RPL24",TRUE
"653659","TMEM183BP",TRUE
"101243545","LINC02067",TRUE
"5708","PSMD2",TRUE
"728262","FAM157A",TRUE
"6047","RNF4",TRUE
"107986265",NA,FALSE
"6133","RPL9",TRUE
"5910","RAP1GDS1",TRUE
"128","ADH5",TRUE
"6164","RPL34",TRUE
"58505","OSTC",TRUE
"81579","PLA2G12A",TRUE
"645455","CEP170P1",TRUE
"729218","LOC729218",TRUE
"401149","LINC01061",TRUE
"10393","ANAPC10",TRUE
"6059","ABCE1",TRUE
"6189","RPS3A",TRUE
"83891","SNX25",TRUE
"10412","NSA2",TRUE
"1350","COX7C",TRUE
"1176","AP3S1",TRUE
"7416","VDAC1",TRUE
"91368","CDKN2AIPNL",TRUE
"9782","MATR3",TRUE
"6208","RPS14",TRUE
"4869","NPM1",TRUE
"27166","PRELID1",TRUE
"83463","MXD3",TRUE
"30832","ZNF354C",TRUE
"3187","HNRNPH1",TRUE
"105377771",NA,FALSE
"107986495",NA,FALSE
"100132062","LOC100132062",TRUE
"100529239","RPS10-NUDT3",TRUE
"6204","RPS10",TRUE
"441155","ZC3H11C",TRUE
"1915","EEF1A1",TRUE
"11231","SEC63",TRUE
"60","ACTB",TRUE
"4697","NDUFA4",TRUE
"1197","CLK2P1",TRUE
"5478","PPIA",TRUE
"81552","VOPP1",TRUE
"51373","MRPS17",TRUE
"51142","CHCHD2",TRUE
"493754","RABGEF1P1",TRUE
"257415","FAM133B",TRUE
"25798","BRI3",TRUE
"101928451",NA,FALSE
"402483","LINC01000",TRUE
"54927","CHCHD3",TRUE
"231","AKR1B1",TRUE
"58508","KMT2C",TRUE
"7336","UBE2V2",TRUE
"6224","RPS20",TRUE
"6129","RPL7",TRUE
"55353","LAPTM4B",TRUE
"51123","ZNF706",TRUE
"157769","FAM91A1",TRUE
"101867536","PRNCR1",TRUE
"100287171","WASHC1",TRUE
"55234","SMU1",TRUE
"653162","RPSAP9",TRUE
"29968","PSAT1",TRUE
"11224","RPL35",TRUE
"3309","HSPA5",TRUE
"6136","RPL12",TRUE
"6418","SET",TRUE
"6130","RPL7A",TRUE
"100132403","FAM157B",TRUE
"2665","GDI2",TRUE
"158160","HSD17B7P2",TRUE
"101929540","LOC101929540",TRUE
"399744","LINC00999",TRUE
"8030","CCDC6",TRUE
"29982","NRBF2",TRUE
"266971","PIPSL",TRUE
"1488","CTBP2",TRUE
"100133161","LINC01001",TRUE
"112268070","LOC112268070",TRUE
"388572",NA,FALSE
"10527","IPO7",TRUE
"6207","RPS13",TRUE
"3939","LDHA",TRUE
"2237","FEN1",TRUE
"7439","BEST1",TRUE
"2495","FTH1",TRUE
"1072","CFL1",TRUE
"9789","SPCS2",TRUE
"6392","SDHD",TRUE
"6230","RPS25",TRUE
"3312","HSPA8",TRUE
"9538","EI24",TRUE
"100288778","WASH8P",TRUE
"7167","TPI1",TRUE
"58516","SINHCAF",TRUE
"100874249","DENND5B-AS1",TRUE
"3178","HNRNPA1",TRUE
"6231","RPS26",TRUE
"6171","RPL41",TRUE
"10728","PTGES3",TRUE
"11163","NUDT4",TRUE
"7184","HSP90B1",TRUE
"6128","RPL6",TRUE
"6175","RPLP0",TRUE
"8655","DYNLL1",TRUE
"6144","RPL21",TRUE
"3146","HMGB1",TRUE
"3183","HNRNPC",TRUE
"100528064","NEDD8-MDP1",TRUE
"4738","NEDD8",TRUE
"6235","RPS29",TRUE
"1743","DLST",TRUE
"3320","HSP90AA1",TRUE
"729082","OIP5-AS1",TRUE
"2923","PDIA3",TRUE
"6124","RPL4",TRUE
"5315","PKM",TRUE
"10933","MORF4L1",TRUE
"374666","WASH3P",TRUE
"102465910","MIR6859-3",TRUE
"6187","RPS2",TRUE
"6210","RPS15A",TRUE
"2653","GCSH",TRUE
"105376781","LOC105376781",TRUE
"101927999","LOC101927999",TRUE
"105377826","LINC02887",TRUE
"101929823","LOC101929823",TRUE
"7326","UBE2G1",TRUE
"5216","PFN1",TRUE
"11337","GABARAP",TRUE
"6147","RPL23A",TRUE
"10209","EIF1",TRUE
"6155","RPL27",TRUE
"5245","PHB1",TRUE
"71","ACTG1",TRUE
"10928","RALBP1",TRUE
"5771","PTPN2",TRUE
"6632","SNRPD1",TRUE
"100526842","RPL17-C18orf32",TRUE
"6139","RPL17",TRUE
"55205","ZNF532",TRUE
"375690","WASH5P",TRUE
"399844","LINC01002",TRUE
"101928344","LOC101928344",TRUE
"6209","RPS15",TRUE
"81926","ABHD17A",TRUE
"388524","RPSA2",TRUE
"10054","UBA2",TRUE
"6217","RPS16",TRUE
"7150","TOP1",TRUE
"109864279","RNA45SN2",TRUE
"109864282","RNA28SN2",TRUE
"109910379","RNA45SN3",TRUE
"109910382","RNA28SN3",TRUE
"106631777","RNA45SN1",TRUE
"106632264","RNA28SN1",TRUE
"10694","CCT8",TRUE
"6651","SON",TRUE
"107985481",NA,FALSE
"3150","HMGN1",TRUE
"529","ATP6V1E1",TRUE
"2130","EWSR1",TRUE
"6767","ST13",TRUE
"284942","RPL23AP82",TRUE
"102724563","LOC102724563",TRUE
"109864271","RNA45SN4",TRUE
"109864272","RNA28SN4",TRUE
"102724865",NA,FALSE
"7114","TMSB4X",TRUE
"1964","EIF1AX",TRUE
"6611","SMS",TRUE
"10159","ATP6AP2",TRUE
"5255","PHKA1",TRUE
"6170","RPL39",TRUE
"27316","RBMX",TRUE
"3149","HMGB3",TRUE
"100861532","RNA45SN5",TRUE
"100008589","RNA28SN5",TRUE
"101929819","LOC101929819",TRUE
"107987398",NA,FALSE
"4535","MT-ND1",TRUE
"4565","MT-TI",TRUE
"4569","MT-TM",TRUE
"4536","MT-ND2",TRUE
"4553","MT-TA",TRUE
"4570","MT-TN",TRUE
"4511","MT-TC",TRUE
"4579","MT-TY",TRUE
"4512","MT-CO1",TRUE
"4574","MT-TS1",TRUE
"4555","MT-TD",TRUE
"4513","MT-CO2",TRUE
"4566","MT-TK",TRUE
"4509","MT-ATP8",TRUE
"4508","MT-ATP6",TRUE
"4514","MT-CO3",TRUE
